ROM Name,Genre
3 Ninjas Kick Back.smc,Action
._3 Ninjas Kick Back.smc,Action
"7th Saga, The.sfc",RPG
"._7th Saga, The.sfc",RPG
90 Minutes European Prime Goal.sfc,Sports
._90 Minutes European Prime Goal.sfc,Sports
A.S.P. - Air Strike Patrol.smc,Shooter
._A.S.P. - Air Strike Patrol.smc,Shooter
AAAHH!!! Real Monsters.smc,Platformer
._AAAHH!!! Real Monsters.smc,Platformer
ABC Monday Night Football.smc,Sports
._ABC Monday Night Football.smc,Sports
ACME Animation Factory.smc,Simulation
._ACME Animation Factory.smc,Simulation
ActRaiser 2.smc,Platformer
._ActRaiser 2.smc,Platformer
ActRaiser.smc,Platformer
._ActRaiser.smc,Platformer
Addams Family Values.smc,RPG
._Addams Family Values.smc,RPG
"Addams Family, The - Pugsley's Scavenger Hunt.smc",Others
"._Addams Family, The - Pugsley's Scavenger Hunt.smc",Others
"Addams Family, The.smc",Others
"._Addams Family, The.smc",Others
"Adventures of Batman & Robin, The.smc",Shooter
"._Adventures of Batman & Robin, The.smc",Shooter
"Adventures of Dr. Franken, The.sfc",Platformer
"._Adventures of Dr. Franken, The.sfc",Platformer
"Adventures of Kid Kleets, The.sfc",Others
"._Adventures of Kid Kleets, The.sfc",Others
"Adventures of Rocky and Bullwinkle and Friends, The.smc",Others
"._Adventures of Rocky and Bullwinkle and Friends, The.smc",Others
"Adventures of Tintin, The - Prisoners of the Sun.sfc",Others
"._Adventures of Tintin, The - Prisoners of the Sun.sfc",Others
Adventures of Yogi Bear.sfc,Platformer
._Adventures of Yogi Bear.sfc,Platformer
Aero Fighters.smc,Shooter
._Aero Fighters.smc,Shooter
Aero the Acro-bat 2.smc,Platformer
._Aero the Acro-bat 2.smc,Platformer
Aero the Acro-bat.smc,Platformer
._Aero the Acro-bat.smc,Platformer
Aerobiz Supersonic.smc,Simulation
._Aerobiz Supersonic.smc,Simulation
Aerobiz.smc,Simulation
._Aerobiz.smc,Simulation
Air Cavalry.smc,Shooter
._Air Cavalry.smc,Shooter
Al Unser Jr.'s Road to the Top.sfc,Racing
._Al Unser Jr.'s Road to the Top.sfc,Racing
Alcahest.sfc,RPG
._Alcahest.sfc,RPG
Alfred Chicken.smc,Others
._Alfred Chicken.smc,Others
Alien 3.sfc,Adventure
._Alien 3.sfc,Adventure
Alien vs Predator.smc,Shooter
._Alien vs Predator.smc,Shooter
All-American Championship Football.sfc,Others
._All-American Championship Football.sfc,Others
American Gladiators.smc,Others
._American Gladiators.smc,Others
"American Tail, An - Fievel Goes West.smc",Others
"._American Tail, An - Fievel Goes West.smc",Others
Andre Agassi Tennis.sfc,Sports
._Andre Agassi Tennis.sfc,Sports
Animaniacs.smc,Platformer
._Animaniacs.smc,Platformer
Arcade's Greatest Hits - The Atari Collection 1.smc,Others
._Arcade's Greatest Hits - The Atari Collection 1.smc,Others
Arcana.sfc,Visual Novel
._Arcana.sfc,Visual Novel
Ardy Lightfoot.sfc,Platformer
._Ardy Lightfoot.sfc,Platformer
Arkanoid - Doh it Again.smc,Puzzle
._Arkanoid - Doh it Again.smc,Puzzle
Art of Fighting.smc,Fighting
._Art of Fighting.smc,Fighting
Asterix & Obelix.sfc,Action
._Asterix & Obelix.sfc,Action
Asterix.sfc,Action
._Asterix.sfc,Action
Axelay.smc,Shooter
._Axelay.smc,Shooter
B.O.B..smc,Strategy
._B.O.B..smc,Strategy
Ballz 3D.smc,Fighting
._Ballz 3D.smc,Fighting
Barbie Super Model.smc,Simulation
._Barbie Super Model.smc,Simulation
Barkley Shut Up and Jam!.smc,Puzzle
._Barkley Shut Up and Jam!.smc,Puzzle
Bass Masters Classic - Pro Edition.smc,Sports
._Bass Masters Classic - Pro Edition.smc,Sports
Bass Masters Classic.smc,Sports
._Bass Masters Classic.smc,Sports
Bassin's Black Bass with Hank Parker.smc,Others
._Bassin's Black Bass with Hank Parker.smc,Others
Batman Forever.smc,Others
._Batman Forever.smc,Others
Batman Returns.smc,Platformer
._Batman Returns.smc,Platformer
Battle Blaze.smc,Fighting
._Battle Blaze.smc,Fighting
Battle Cars.smc,Shooter
._Battle Cars.smc,Shooter
Battle Clash.sfc,Others
._Battle Clash.sfc,Others
Battle Grand Prix.smc,Racing
._Battle Grand Prix.smc,Racing
Battletoads & Double Dragon - The Ultimate Team.smc,Others
._Battletoads & Double Dragon - The Ultimate Team.smc,Others
Battletoads in Battlemaniacs.smc,Platformer
._Battletoads in Battlemaniacs.smc,Platformer
Bazooka Blitzkrieg.smc,Shooter
._Bazooka Blitzkrieg.smc,Shooter
Beavis and Butt-Head.smc,Platformer
._Beavis and Butt-Head.smc,Platformer
Bebe's Kids.smc,Fighting
._Bebe's Kids.smc,Fighting
Beethoven's 2nd.smc,Others
._Beethoven's 2nd.smc,Others
Best of the Best - Championship Karate.smc,Fighting
._Best of the Best - Championship Karate.smc,Fighting
Big Sky Trooper.smc,Adventure
._Big Sky Trooper.smc,Adventure
Biker Mice from Mars.sfc,Strategy
._Biker Mice from Mars.sfc,Strategy
Bill Laimbeer's Combat Basketball.smc,Sports
._Bill Laimbeer's Combat Basketball.smc,Sports
Bill Walsh College Football.smc,Sports
._Bill Walsh College Football.smc,Sports
BioMetal.smc,Shooter
._BioMetal.smc,Shooter
Blackthorne.smc,Platformer
._Blackthorne.smc,Platformer
BlaZeon - The Bio-Cyborg Challenge.sfc,Shooter
._BlaZeon - The Bio-Cyborg Challenge.sfc,Shooter
"Blues Brothers, The.sfc",Others
"._Blues Brothers, The.sfc",Others
Bonkers.smc,Action
._Bonkers.smc,Action
Boogerman - A Pick and Flick Adventure.smc,Platformer
._Boogerman - A Pick and Flick Adventure.smc,Platformer
Boxing Legends of the Ring.smc,Fighting
._Boxing Legends of the Ring.smc,Fighting
Brain Lord.smc,Puzzle
._Brain Lord.smc,Puzzle
"Brainies, The.sfc",Puzzle
"._Brainies, The.sfc",Puzzle
Bram Stoker's Dracula.sfc,Shooter
._Bram Stoker's Dracula.sfc,Shooter
Brandish.smc,RPG
._Brandish.smc,RPG
Brawl Brothers.smc,Fighting
._Brawl Brothers.smc,Fighting
BreakThru!.smc,Adventure
._BreakThru!.smc,Adventure
Breath of Fire II.smc,RPG
._Breath of Fire II.smc,RPG
Breath of Fire.smc,RPG
._Breath of Fire.smc,RPG
Brett Hull Hockey '95.smc,Sports
._Brett Hull Hockey '95.smc,Sports
Brett Hull Hockey.smc,Sports
._Brett Hull Hockey.smc,Sports
Bronkie the Bronchiasaurus.smc,Platformer
._Bronkie the Bronchiasaurus.smc,Platformer
Brunswick World - Tournament of Champions.smc,Sports
._Brunswick World - Tournament of Champions.smc,Sports
Brutal - Paws of Fury.smc,Fighting
._Brutal - Paws of Fury.smc,Fighting
Bubsy II.smc,Platformer
._Bubsy II.smc,Platformer
Bubsy in - Claws Encounters of the Furred Kind.smc,Platformer
._Bubsy in - Claws Encounters of the Furred Kind.smc,Platformer
Bugs Bunny Rabbit Rampage.sfc,Platformer
._Bugs Bunny Rabbit Rampage.sfc,Platformer
Bulls versus Blazers and the NBA Playoffs.smc,Sports
._Bulls versus Blazers and the NBA Playoffs.smc,Sports
Bust-A-Move.smc,Others
._Bust-A-Move.smc,Others
C2 - Judgment Clay.smc,Fighting
._C2 - Judgment Clay.smc,Fighting
Cacoma Knight in Bizyland.smc,Puzzle
._Cacoma Knight in Bizyland.smc,Puzzle
Cal Ripken Jr. Baseball.smc,Sports
._Cal Ripken Jr. Baseball.smc,Sports
California Games II.smc,Racing
._California Games II.smc,Racing
Cannon Fodder.sfc,Shooter
._Cannon Fodder.sfc,Shooter
Cannondale Cup.sfc,Racing
._Cannondale Cup.sfc,Racing
Capcom's MVP Football.smc,Sports
._Capcom's MVP Football.smc,Sports
Capcom's Soccer Shootout.smc,Sports
._Capcom's Soccer Shootout.smc,Sports
Captain America and the Avengers.smc,Action
._Captain America and the Avengers.smc,Action
Captain Commando.smc,Fighting
._Captain Commando.smc,Fighting
Captain Novolin.smc,Platformer
._Captain Novolin.smc,Platformer
Carrier Aces.smc,Simulation
._Carrier Aces.smc,Simulation
Casper.smc,Others
._Casper.smc,Others
Castlevania - Dracula X.smc,Platformer
._Castlevania - Dracula X.smc,Platformer
Champions World Class Soccer.smc,Sports
._Champions World Class Soccer.smc,Sports
Championship Pool.smc,Sports
._Championship Pool.smc,Sports
Championship Soccer '94.smc,Sports
._Championship Soccer '94.smc,Sports
"Chessmaster, The.smc",Strategy
"._Chessmaster, The.smc",Strategy
Chester Cheetah - Too Cool to Fool.smc,Platformer
._Chester Cheetah - Too Cool to Fool.smc,Platformer
Chester Cheetah - Wild Wild Quest.smc,Adventure
._Chester Cheetah - Wild Wild Quest.smc,Adventure
Choplifter III.smc,Simulation
._Choplifter III.smc,Simulation
Chrono Trigger.smc,Trivia
._Chrono Trigger.smc,Trivia
Chuck Rock.smc,Platformer
._Chuck Rock.smc,Platformer
ClayFighter - Tournament Edition.sfc,Fighting
._ClayFighter - Tournament Edition.sfc,Fighting
ClayFighter.smc,Fighting
._ClayFighter.smc,Fighting
Claymates.smc,Platformer
._Claymates.smc,Platformer
Cliffhanger.smc,Others
._Cliffhanger.smc,Others
Clue.smc,Puzzle
._Clue.smc,Puzzle
College Football USA '97 - The Road to New Orleans.sfc,Others
._College Football USA '97 - The Road to New Orleans.sfc,Others
College Slam.smc,Sports
._College Slam.smc,Sports
"Combatribes, The.smc",Action
"._Combatribes, The.smc",Action
Congo's Caper.smc,Platformer
._Congo's Caper.smc,Platformer
Contra III - The Alien Wars.smc,Shooter
._Contra III - The Alien Wars.smc,Shooter
Cool Spot.smc,Platformer
._Cool Spot.smc,Platformer
Cool World.smc,Others
._Cool World.smc,Others
CutThroat Island.smc,Platformer
._CutThroat Island.smc,Platformer
Cyber Spin.sfc,Racing
._Cyber Spin.sfc,Racing
Cybernator.smc,Shooter
._Cybernator.smc,Shooter
D-Force.smc,Shooter
._D-Force.smc,Shooter
Daffy Duck - The Marvin Missions.smc,Platformer
._Daffy Duck - The Marvin Missions.smc,Platformer
Darius Twin.smc,Shooter
._Darius Twin.smc,Shooter
David Crane's Amazing Tennis.smc,Sports
._David Crane's Amazing Tennis.smc,Sports
Daze Before Christmas.sfc,Platformer
._Daze Before Christmas.sfc,Platformer
"Death and Return of Superman, The.sfc",Action
"._Death and Return of Superman, The.sfc",Action
Demolition Man.smc,Platformer
._Demolition Man.smc,Platformer
Demon's Crest.smc,Platformer
._Demon's Crest.smc,Platformer
Dennis the Menace.smc,Arcade
._Dennis the Menace.smc,Arcade
Desert Strike - Return to the Gulf.smc,Arcade
._Desert Strike - Return to the Gulf.smc,Arcade
Dig & Spike Volleyball.smc,Sports
._Dig & Spike Volleyball.smc,Sports
Dino Dini's Soccer!.sfc,Sports
._Dino Dini's Soccer!.sfc,Sports
DinoCity.smc,Others
._DinoCity.smc,Others
Dirt Racer.sfc,Racing
._Dirt Racer.sfc,Racing
Dirt Trax FX.smc,Racing
._Dirt Trax FX.smc,Racing
Disney's Aladdin.smc,Others
._Disney's Aladdin.smc,Others
Disney's Beauty and the Beast.smc,Platformer
._Disney's Beauty and the Beast.smc,Platformer
Disney's Goof Troop.smc,Others
._Disney's Goof Troop.smc,Others
Disney's The Lion King.smc,Others
._Disney's The Lion King.smc,Others
Donkey Kong Country 2 - Diddy's Kong Quest.smc,Platformer
._Donkey Kong Country 2 - Diddy's Kong Quest.smc,Platformer
Donkey Kong Country 3 - Dixie Kong's Double Trouble!.smc,Platformer
._Donkey Kong Country 3 - Dixie Kong's Double Trouble!.smc,Platformer
Donkey Kong Country.smc,Platformer
._Donkey Kong Country.smc,Platformer
Doom Troopers.smc,Shooter
._Doom Troopers.smc,Shooter
Doom.smc,Shooter
._Doom.smc,Shooter
Doomsday Warrior.smc,Fighting
._Doomsday Warrior.smc,Fighting
Double Dragon V - The Shadow Falls.smc,Fighting
._Double Dragon V - The Shadow Falls.smc,Fighting
Dragon - The Bruce Lee Story.smc,Fighting
._Dragon - The Bruce Lee Story.smc,Fighting
Dragon View.sfc,RPG
._Dragon View.sfc,RPG
Dragon's Lair.smc,Platformer
._Dragon's Lair.smc,Platformer
Drakkhen.smc,RPG
._Drakkhen.smc,RPG
Dream TV.smc,Puzzle
._Dream TV.smc,Puzzle
"Duel, The - Test Drive II.smc",Racing
"._Duel, The - Test Drive II.smc",Racing
Dungeon Master.smc,Puzzle
._Dungeon Master.smc,Puzzle
E.V.O. -  Search for Eden.smc,Platformer
._E.V.O. -  Search for Eden.smc,Platformer
EarthBound.smc,Adventure
._EarthBound.smc,Adventure
Earthworm Jim 2.smc,Shooter
._Earthworm Jim 2.smc,Shooter
Earthworm Jim.smc,Shooter
._Earthworm Jim.smc,Shooter
Eek! The Cat.smc,Platformer
._Eek! The Cat.smc,Platformer
Elite Soccer.smc,Sports
._Elite Soccer.smc,Sports
Emmitt Smith Football.smc,Sports
._Emmitt Smith Football.smc,Sports
Equinox.smc,Visual Novel
._Equinox.smc,Visual Novel
ESPN Baseball Tonight.smc,Sports
._ESPN Baseball Tonight.smc,Sports
ESPN National Hockey Night.smc,Sports
._ESPN National Hockey Night.smc,Sports
ESPN Speed World.smc,Racing
._ESPN Speed World.smc,Racing
ESPN Sunday Night NFL.smc,Sports
._ESPN Sunday Night NFL.smc,Sports
Exertainment Mountain Bike Rally & Speed Racer.sfc,Racing
._Exertainment Mountain Bike Rally & Speed Racer.sfc,Racing
Extra Innings.sfc,Sports
._Extra Innings.sfc,Sports
Eye of the Beholder.smc,Strategy
._Eye of the Beholder.smc,Strategy
F-Zero.smc,Racing
._F-Zero.smc,Racing
F1 Pole Position 2.sfc,Racing
._F1 Pole Position 2.sfc,Racing
F1 Pole Position.smc,Racing
._F1 Pole Position.smc,Racing
F1 ROC - Race of Champions.smc,Racing
._F1 ROC - Race of Champions.smc,Racing
F1 ROC II - Race of Champions.smc,Racing
._F1 ROC II - Race of Champions.smc,Racing
F1 World Championship Edition.sfc,Racing
._F1 World Championship Edition.sfc,Racing
Faceball 2000.smc,Shooter
._Faceball 2000.smc,Shooter
Family Dog.smc,Platformer
._Family Dog.smc,Platformer
Family Fued.smc,Fighting
._Family Fued.smc,Fighting
Fatal Fury 2.smc,Fighting
._Fatal Fury 2.smc,Fighting
Fatal Fury Special.smc,Fighting
._Fatal Fury Special.smc,Fighting
Fatal Fury.smc,Fighting
._Fatal Fury.smc,Fighting
FIFA 97 - Gold Edition.sfc,Others
._FIFA 97 - Gold Edition.sfc,Others
FIFA 98 - Road to World Cup.sfc,Sports
._FIFA 98 - Road to World Cup.sfc,Sports
FIFA International Soccer.smc,Sports
._FIFA International Soccer.smc,Sports
FIFA Soccer '96.smc,Sports
._FIFA Soccer '96.smc,Sports
Fighter's History.smc,Fighting
._Fighter's History.smc,Fighting
Final Fantasy - Mystic Quest.smc,RPG
._Final Fantasy - Mystic Quest.smc,RPG
Final Fantasy II.smc,RPG
._Final Fantasy II.smc,RPG
Final Fantasy III (BraveNewWorld 2.0).smc,Others
._Final Fantasy III (BraveNewWorld 2.0).smc,Others
Final Fantasy III.smc,Others
._Final Fantasy III.smc,Others
Final Fight 2.sfc,Shooter
._Final Fight 2.sfc,Shooter
Final Fight 3.sfc,Fighting
._Final Fight 3.sfc,Fighting
Final Fight Guy.smc,Fighting
._Final Fight Guy.smc,Fighting
Final Fight.sfc,Fighting
._Final Fight.sfc,Fighting
"Firemen, The.smc",Shooter
"._Firemen, The.smc",Shooter
Firepower 2000.sfc,Shooter
._Firepower 2000.sfc,Shooter
Firestriker.smc,Others
._Firestriker.smc,Others
First Samurai.smc,Fighting
._First Samurai.smc,Fighting
Flashback - The Quest for Identity.smc,Platformer
._Flashback - The Quest for Identity.smc,Platformer
"Flintstones, The - The Treasure of Sierra Madrock.smc",Platformer
"._Flintstones, The - The Treasure of Sierra Madrock.smc",Platformer
"Flintstones, The.sfc",Platformer
"._Flintstones, The.sfc",Platformer
Football Fury.smc,Simulation
._Football Fury.smc,Simulation
Foreman For Real.smc,Sports
._Foreman For Real.smc,Sports
Frank Thomas' Big Hurt Baseball.smc,Sports
._Frank Thomas' Big Hurt Baseball.smc,Sports
Frantic Flea.smc,Platformer
._Frantic Flea.smc,Platformer
Frogger.sfc,Puzzle
._Frogger.sfc,Puzzle
Full Throttle - All-American Racing.smc,Racing
._Full Throttle - All-American Racing.smc,Racing
Fun 'n Games.smc,Music
._Fun 'n Games.smc,Music
Gemfire.smc,Strategy
._Gemfire.smc,Strategy
Genghis Khan II - Clan of the Grey Wolf.smc,Simulation
._Genghis Khan II - Clan of the Grey Wolf.smc,Simulation
George Foreman's KO Boxing.smc,Fighting
._George Foreman's KO Boxing.smc,Fighting
Ghoul Patrol.smc,Shooter
._Ghoul Patrol.smc,Shooter
Goal!.smc,Sports
._Goal!.smc,Sports
Gods.smc,Strategy
._Gods.smc,Strategy
GP-1 - Part II.smc,Racing
._GP-1 - Part II.smc,Racing
GP-1.smc,Racing
._GP-1.smc,Racing
Gradius III.smc,Shooter
._Gradius III.smc,Shooter
"Great Circus Mystery Starring Mickey & Minnie, The.smc",Platformer
"._Great Circus Mystery Starring Mickey & Minnie, The.smc",Platformer
"Great Waldo Search, The.smc",Others
"._Great Waldo Search, The.smc",Others
GunForce.smc,Shooter
._GunForce.smc,Shooter
Hagane - The Final Conflict.smc,Platformer
._Hagane - The Final Conflict.smc,Platformer
HAL's Hole in One Golf.smc,Simulation
._HAL's Hole in One Golf.smc,Simulation
HammerLock Wrestling.sfc,Sports
._HammerLock Wrestling.sfc,Sports
Hardball III.smc,Sports
._Hardball III.smc,Sports
Harley's Humongous Adventure.smc,Platformer
._Harley's Humongous Adventure.smc,Platformer
Harvest Moon.smc,RPG
._Harvest Moon.smc,RPG
Head-On Soccer.smc,Sports
._Head-On Soccer.smc,Sports
Hebereke's Popoitto.sfc,Others
._Hebereke's Popoitto.sfc,Others
Hebereke's Popoon.sfc,Puzzle
._Hebereke's Popoon.sfc,Puzzle
Hit the Ice.smc,RPG
._Hit the Ice.smc,RPG
Home Alone 2 - Lost in New York.smc,Others
._Home Alone 2 - Lost in New York.smc,Others
Home Alone.smc,Others
._Home Alone.smc,Others
Home Improvement.smc,Others
._Home Improvement.smc,Others
Hook.smc,Others
._Hook.smc,Others
"Humans, The.sfc",Shooter
"._Humans, The.sfc",Shooter
Hungry Dinosaurs.sfc,Puzzle
._Hungry Dinosaurs.sfc,Puzzle
"Hunt for Red October, The.smc",Arcade
"._Hunt for Red October, The.smc",Arcade
Hyper V-Ball.smc,Others
._Hyper V-Ball.smc,Others
HyperZone.smc,Shooter
._HyperZone.smc,Shooter
"Ignition Factor, The.smc",Arcade
"._Ignition Factor, The.smc",Arcade
Illusion of Gaia.smc,RPG
._Illusion of Gaia.smc,RPG
Imperium.smc,Shooter
._Imperium.smc,Shooter
Incantation.smc,Adventure
._Incantation.smc,Adventure
"Incredible Crash Dummies, The.sfc",Others
"._Incredible Crash Dummies, The.sfc",Others
"Incredible Hulk, The.smc",Others
"._Incredible Hulk, The.smc",Others
Indiana Jones' Greatest Adventures.sfc,Platformer
._Indiana Jones' Greatest Adventures.sfc,Platformer
Inindo - Way of the Ninja.sfc,RPG
._Inindo - Way of the Ninja.sfc,RPG
Inspector Gadget.smc,Others
._Inspector Gadget.smc,Others
International Superstar Soccer Deluxe.smc,Sports
._International Superstar Soccer Deluxe.smc,Sports
International Superstar Soccer.sfc,Sports
._International Superstar Soccer.sfc,Sports
International Tennis Tour.smc,Sports
._International Tennis Tour.smc,Sports
"Irem Skins Game, The.smc",Sports
"._Irem Skins Game, The.smc",Sports
"Itchy & Scratchy Game, The.smc",Platformer
"._Itchy & Scratchy Game, The.smc",Platformer
Izzy's Quest for the Olympic Rings.smc,Platformer
._Izzy's Quest for the Olympic Rings.smc,Platformer
"J.R.R. Tolkien's The Lord of the Rings, Volume I.smc",RPG
"._J.R.R. Tolkien's The Lord of the Rings, Volume I.smc",RPG
Jack Nicklaus Golf.smc,Simulation
._Jack Nicklaus Golf.smc,Simulation
James Bond Jr..smc,Shooter
._James Bond Jr..smc,Shooter
James Pond 3 - Operation Starfish.sfc,Platformer
._James Pond 3 - Operation Starfish.sfc,Platformer
Jammit.smc,Sports
._Jammit.smc,Sports
Jelly Boy.sfc,Platformer
._Jelly Boy.sfc,Platformer
Jeopardy! Deluxe Edition.smc,Trivia
._Jeopardy! Deluxe Edition.smc,Trivia
Jeopardy! Sports Edition.smc,Puzzle
._Jeopardy! Sports Edition.smc,Puzzle
Jeopardy!.sfc,Others
._Jeopardy!.sfc,Others
"Jetsons, The - Invasion of the Planet Pirates.smc",Platformer
"._Jetsons, The - Invasion of the Planet Pirates.smc",Platformer
Jim Lee's WildC.A.T.S - Covert Action Teams.sfc,Others
._Jim Lee's WildC.A.T.S - Covert Action Teams.sfc,Others
Jim Power - The Lost Dimension in 3-D.smc,Others
._Jim Power - The Lost Dimension in 3-D.smc,Others
Jimmy Connors Pro Tennis Tour.smc,Sports
._Jimmy Connors Pro Tennis Tour.smc,Sports
Jimmy Houston's Bass Tournament U.S.A..smc,Sports
._Jimmy Houston's Bass Tournament U.S.A..smc,Sports
Joe & Mac 2 - Lost in the Tropics.smc,Platformer
._Joe & Mac 2 - Lost in the Tropics.smc,Platformer
Joe & Mac.smc,Platformer
._Joe & Mac.smc,Platformer
John Madden Football '93.smc,Simulation
._John Madden Football '93.smc,Simulation
John Madden Football.smc,Sports
._John Madden Football.smc,Sports
Judge Dredd.smc,Others
._Judge Dredd.smc,Others
"Jungle Book, The.smc",Adventure
"._Jungle Book, The.smc",Adventure
Jungle Strike.smc,Shooter
._Jungle Strike.smc,Shooter
Jurassic Park Part 2 - The Chaos Continues.smc,Shooter
._Jurassic Park Part 2 - The Chaos Continues.smc,Shooter
Jurassic Park.smc,Others
._Jurassic Park.smc,Others
Justice League Task Force.smc,Fighting
._Justice League Task Force.smc,Fighting
Ka-Blooey.smc,Strategy
._Ka-Blooey.smc,Strategy
Kawasaki Caribbean Challenge.smc,Racing
._Kawasaki Caribbean Challenge.smc,Racing
Kawasaki Superbike Challenge.smc,Racing
._Kawasaki Superbike Challenge.smc,Racing
Ken Griffey Jr. Presents Major League Baseball.smc,Sports
._Ken Griffey Jr. Presents Major League Baseball.smc,Sports
Ken Griffey Jr.'s Winning Run.smc,Sports
._Ken Griffey Jr.'s Winning Run.smc,Sports
Kendo Rage.smc,Platformer
._Kendo Rage.smc,Platformer
Kevin Keegan's Player Manager.sfc,Simulation
._Kevin Keegan's Player Manager.sfc,Simulation
Kick Off 3 - European Challenge.sfc,Sports
._Kick Off 3 - European Challenge.sfc,Sports
Kick Off.sfc,Sports
._Kick Off.sfc,Sports
Kid Klown in Crazy Chase.smc,Platformer
._Kid Klown in Crazy Chase.smc,Platformer
Killer Instinct.smc,Fighting
._Killer Instinct.smc,Fighting
King Arthur & the Knights of Justice.smc,RPG
._King Arthur & the Knights of Justice.smc,RPG
King Arthur's World.sfc,Puzzle
._King Arthur's World.sfc,Puzzle
"King of Dragons, The.smc",RPG
"._King of Dragons, The.smc",RPG
King of the Monsters 2.smc,Fighting
._King of the Monsters 2.smc,Fighting
King of the Monsters.smc,RPG
._King of the Monsters.smc,RPG
Kirby Super Star.smc,Platformer
._Kirby Super Star.smc,Platformer
Kirby's Avalanche.sfc,Puzzle
._Kirby's Avalanche.sfc,Puzzle
Kirby's Dream Course.smc,Puzzle
._Kirby's Dream Course.smc,Puzzle
Kirby's Dream Land 3.smc,Platformer
._Kirby's Dream Land 3.smc,Platformer
Knights of the Round.smc,Strategy
._Knights of the Round.smc,Strategy
Krusty's Super Fun House.sfc,Platformer
._Krusty's Super Fun House.sfc,Platformer
Kyle Petty's No Fear Racing.smc,Racing
._Kyle Petty's No Fear Racing.smc,Racing
Lagoon.smc,RPG
._Lagoon.smc,RPG
Lamborghini American Challenge.smc,Racing
._Lamborghini American Challenge.smc,Racing
Last Action Hero.sfc,Others
._Last Action Hero.sfc,Others
"Lawnmower Man, The.sfc",Others
"._Lawnmower Man, The.sfc",Others
"Legend of The Mystical Ninja, The.smc",Platformer
"._Legend of The Mystical Ninja, The.smc",Platformer
"Legend of Zelda, The - A Link to the Past.smc",RPG
"._Legend of Zelda, The - A Link to the Past.smc",RPG
Legend.sfc,RPG
._Legend.sfc,RPG
Lemmings 2 - The Tribes.smc,Puzzle
._Lemmings 2 - The Tribes.smc,Puzzle
Lemmings.sfc,Puzzle
._Lemmings.sfc,Puzzle
Lester the Unlikely.smc,Platformer
._Lester the Unlikely.smc,Platformer
Lethal Enforcers.smc,Shooter
._Lethal Enforcers.smc,Shooter
Lethal Weapon.smc,Shooter
._Lethal Weapon.smc,Shooter
Liberty or Death.smc,Strategy
._Liberty or Death.smc,Strategy
Lock On.smc,Others
._Lock On.smc,Others
Looney Tunes B-Ball.smc,Sports
._Looney Tunes B-Ball.smc,Sports
"Lost Vikings 2, The.smc",Platformer
"._Lost Vikings 2, The.smc",Platformer
"Lost Vikings, The.smc",Platformer
"._Lost Vikings, The.smc",Platformer
Lucky Luke.sfc,Others
._Lucky Luke.sfc,Others
Lufia & The Fortress of Doom.smc,Puzzle
._Lufia & The Fortress of Doom.smc,Puzzle
Lufia II - Rise of the Sinistrals.smc,Puzzle
._Lufia II - Rise of the Sinistrals.smc,Puzzle
Madden NFL '94.smc,Simulation
._Madden NFL '94.smc,Simulation
Madden NFL '95.smc,Simulation
._Madden NFL '95.smc,Simulation
Madden NFL '96.smc,Simulation
._Madden NFL '96.smc,Simulation
Madden NFL '97.smc,Sports
._Madden NFL '97.smc,Sports
Madden NFL '98.smc,Sports
._Madden NFL '98.smc,Sports
Magic Boy.smc,Platformer
._Magic Boy.smc,Platformer
Magic Sword.smc,Adventure
._Magic Sword.smc,Adventure
"Magical Quest Starring Mickey Mouse, The.smc",Platformer
"._Magical Quest Starring Mickey Mouse, The.smc",Platformer
Manchester United Championship Soccer.sfc,Sports
._Manchester United Championship Soccer.sfc,Sports
Mario is Missing!.sfc,Puzzle
._Mario is Missing!.sfc,Puzzle
Mario Paint.smc,Music
._Mario Paint.smc,Music
Mario's Early Years! - Fun with Letters.sfc,Puzzle
._Mario's Early Years! - Fun with Letters.sfc,Puzzle
Mario's Early Years! - Fun with Numbers.sfc,Puzzle
._Mario's Early Years! - Fun with Numbers.sfc,Puzzle
Mario's Early Years! - Preschool Fun.sfc,Puzzle
._Mario's Early Years! - Preschool Fun.sfc,Puzzle
Mario's Time Machine.sfc,Puzzle
._Mario's Time Machine.sfc,Puzzle
Mark Davis' The Fishing Master.smc,Sports
._Mark Davis' The Fishing Master.smc,Sports
Marko's Magic Football.sfc,Others
._Marko's Magic Football.sfc,Others
Marvel Super Heroes - War of the Gems.smc,Platformer
._Marvel Super Heroes - War of the Gems.smc,Platformer
Mary Shelley's Frankenstein.smc,Fighting
._Mary Shelley's Frankenstein.smc,Fighting
"Mask, The.sfc",Shooter
"._Mask, The.sfc",Shooter
Math Blaster - Episode 1.smc,Others
._Math Blaster - Episode 1.smc,Others
Maui Mallard in Cold Shadow.smc,Platformer
._Maui Mallard in Cold Shadow.smc,Platformer
Mecarobot Golf.smc,Sports
._Mecarobot Golf.smc,Sports
Mechwarrior 3050.smc,Shooter
._Mechwarrior 3050.smc,Shooter
MechWarrior.smc,Simulation
._MechWarrior.smc,Simulation
Mega Man 7.smc,Shooter
._Mega Man 7.smc,Shooter
Mega Man Soccer.smc,Sports
._Mega Man Soccer.smc,Sports
Mega Man X.smc,Others
._Mega Man X.smc,Others
Mega Man X2.smc,Shooter
._Mega Man X2.smc,Shooter
Mega Man X3.smc,Shooter
._Mega Man X3.smc,Shooter
Mega-Lo-Mania.smc,Platformer
._Mega-Lo-Mania.smc,Platformer
Metal Combat - Falcon's Revenge.smc,Shooter
._Metal Combat - Falcon's Revenge.smc,Shooter
Metal Marines.smc,Strategy
._Metal Marines.smc,Strategy
Metal Morph.smc,Shooter
._Metal Morph.smc,Shooter
Metal Warriors.smc,Shooter
._Metal Warriors.smc,Shooter
Michael Andretti's Indy Car Challenge.smc,Racing
._Michael Andretti's Indy Car Challenge.smc,Racing
Michael Jordan - Chaos in the Windy City.smc,Platformer
._Michael Jordan - Chaos in the Windy City.smc,Platformer
Mickey Mania - The Timeless Adventures of Mickey Mouse.smc,Platformer
._Mickey Mania - The Timeless Adventures of Mickey Mouse.smc,Platformer
Mickey's Ultimate Challenge.smc,Others
._Mickey's Ultimate Challenge.smc,Others
Micro Machines 2 - Turbo Tournament.sfc,Racing
._Micro Machines 2 - Turbo Tournament.sfc,Racing
Micro Machines.smc,Racing
._Micro Machines.smc,Racing
Might and Magic II - Gates to Another World.sfc,RPG
._Might and Magic II - Gates to Another World.sfc,RPG
Might and Magic III - Isles of Terra.smc,RPG
._Might and Magic III - Isles of Terra.smc,RPG
Mighty Max.smc,Others
._Mighty Max.smc,Others
Mighty Morphin Power Rangers - The Fighting Edition.smc,Fighting
._Mighty Morphin Power Rangers - The Fighting Edition.smc,Fighting
Mighty Morphin Power Rangers - The Movie.smc,Fighting
._Mighty Morphin Power Rangers - The Movie.smc,Fighting
Mighty Morphin Power Rangers.smc,Others
._Mighty Morphin Power Rangers.smc,Others
"Miracle Piano Teaching System, The.sfc",Music
"._Miracle Piano Teaching System, The.sfc",Music
MLBPA Baseball.smc,Sports
._MLBPA Baseball.smc,Sports
Mohawk & Headphone Jack.smc,Platformer
._Mohawk & Headphone Jack.smc,Platformer
Monopoly.smc,Simulation
._Monopoly.smc,Simulation
Mortal Kombat 3.smc,Fighting
._Mortal Kombat 3.smc,Fighting
Mortal Kombat II.smc,Fighting
._Mortal Kombat II.smc,Fighting
Mortal Kombat.smc,Fighting
._Mortal Kombat.smc,Fighting
Mountain Bike Rally.smc,Sports
._Mountain Bike Rally.smc,Sports
Mr. Do!.smc,Puzzle
._Mr. Do!.smc,Puzzle
Mr. Nutz.smc,Others
._Mr. Nutz.smc,Others
Ms. Pac-Man.smc,Shooter
._Ms. Pac-Man.smc,Shooter
Musya - The Classic Japanese Tale of Horror.smc,Platformer
._Musya - The Classic Japanese Tale of Horror.smc,Platformer
Natsume Championship Wrestling.smc,Fighting
._Natsume Championship Wrestling.smc,Fighting
NBA All-Star Challenge.smc,Sports
._NBA All-Star Challenge.smc,Sports
NBA Give 'N Go.smc,Sports
._NBA Give 'N Go.smc,Sports
NBA Hang Time.smc,Sports
._NBA Hang Time.smc,Sports
NBA Jam - Tournament Edition.smc,Sports
._NBA Jam - Tournament Edition.smc,Sports
NBA Jam.smc,Sports
._NBA Jam.smc,Sports
NBA Live 95.smc,Sports
._NBA Live 95.smc,Sports
NBA Live 96.smc,Sports
._NBA Live 96.smc,Sports
NBA Live 97.smc,Sports
._NBA Live 97.smc,Sports
NBA Live 98.smc,Sports
._NBA Live 98.smc,Sports
NBA Showdown.smc,Sports
._NBA Showdown.smc,Sports
NCAA Basketball.smc,Sports
._NCAA Basketball.smc,Sports
NCAA Final Four Basketball.smc,Sports
._NCAA Final Four Basketball.smc,Sports
NCAA Football.sfc,Sports
._NCAA Football.sfc,Sports
Newman-Haas IndyCar featuring Nigel Mansell.smc,Others
._Newman-Haas IndyCar featuring Nigel Mansell.smc,Others
NFL Football.smc,Sports
._NFL Football.smc,Sports
NFL Quarterback Club '96.smc,Sports
._NFL Quarterback Club '96.smc,Sports
NFL Quarterback Club.smc,Sports
._NFL Quarterback Club.smc,Sports
NHL '94.smc,Simulation
._NHL '94.smc,Simulation
NHL '95.smc,Simulation
._NHL '95.smc,Simulation
NHL '96.smc,Sports
._NHL '96.smc,Sports
NHL '97.smc,Sports
._NHL '97.smc,Sports
NHL '98.smc,Sports
._NHL '98.smc,Sports
NHL Stanley Cup.smc,Sports
._NHL Stanley Cup.smc,Sports
NHLPA Hockey '93.smc,Sports
._NHLPA Hockey '93.smc,Sports
Nickelodeon GUTS.smc,Sports
._Nickelodeon GUTS.smc,Sports
Nigel Mansell's World Championship Racing.smc,Others
._Nigel Mansell's World Championship Racing.smc,Others
Ninja Gaiden Trilogy.smc,Platformer
._Ninja Gaiden Trilogy.smc,Platformer
"Ninja Warriors, The.sfc",Others
"._Ninja Warriors, The.sfc",Others
No Escape.smc,Puzzle
._No Escape.smc,Puzzle
Nobunaga's Ambition - Lord of Darkness.smc,Others
._Nobunaga's Ambition - Lord of Darkness.smc,Others
Nobunaga's Ambition.smc,Strategy
._Nobunaga's Ambition.smc,Strategy
Nolan Ryan's Baseball.smc,Sports
._Nolan Ryan's Baseball.smc,Sports
Nosferatu.smc,Platformer
._Nosferatu.smc,Platformer
Obitus.smc,Fighting
._Obitus.smc,Fighting
Ogre Battle - The March of the Black Queen.smc,Strategy
._Ogre Battle - The March of the Black Queen.smc,Strategy
Olympic Summer Games.smc,Sports
._Olympic Summer Games.smc,Sports
On the Ball.smc,Fighting
._On the Ball.smc,Fighting
Operation Europe - Path to Victory.smc,Simulation
._Operation Europe - Path to Victory.smc,Simulation
Operation Logic Bomb.smc,Shooter
._Operation Logic Bomb.smc,Shooter
Operation Thunderbolt.smc,Shooter
._Operation Thunderbolt.smc,Shooter
Oscar.smc,Platformer
._Oscar.smc,Platformer
Out of This World.smc,Simulation
._Out of This World.smc,Simulation
Out to Lunch.smc,Others
._Out to Lunch.smc,Others
Outlander.smc,Adventure
._Outlander.smc,Adventure
P.T.O. - Pacific Theater of Operations II.smc,Others
._P.T.O. - Pacific Theater of Operations II.smc,Others
P.T.O. - Pacific Theater of Operations.smc,Strategy
._P.T.O. - Pacific Theater of Operations.smc,Strategy
Pac-Attack.smc,Arcade
._Pac-Attack.smc,Arcade
Pac-in-Time.smc,Adventure
._Pac-in-Time.smc,Adventure
Pac-Man 2 - The New Adventures.smc,Puzzle
._Pac-Man 2 - The New Adventures.smc,Puzzle
Packy and Marlon.smc,Platformer
._Packy and Marlon.smc,Platformer
"Pagemaster, The.sfc",Others
"._Pagemaster, The.sfc",Others
Paladin's Quest.sfc,Adventure
._Paladin's Quest.sfc,Adventure
Paperboy 2.smc,Arcade
._Paperboy 2.smc,Arcade
Parodius - Non-Sense Fantasy.smc,Others
._Parodius - Non-Sense Fantasy.smc,Others
"Peace Keepers, The.smc",Fighting
"._Peace Keepers, The.smc",Fighting
PGA European Tour.smc,Sports
._PGA European Tour.smc,Sports
PGA Tour 96.smc,Sports
._PGA Tour 96.smc,Sports
PGA Tour Golf.smc,Simulation
._PGA Tour Golf.smc,Simulation
Phalanx - The Enforce Fighter A-144.smc,Others
._Phalanx - The Enforce Fighter A-144.smc,Others
Phantom 2040.smc,Platformer
._Phantom 2040.smc,Platformer
Pieces.smc,Puzzle
._Pieces.smc,Puzzle
Pilotwings.smc,Simulation
._Pilotwings.smc,Simulation
Pinball Dreams.sfc,Simulation
._Pinball Dreams.sfc,Simulation
Pinball Fantasies.smc,Pinball
._Pinball Fantasies.smc,Pinball
Pink Panther in Pink Goes to Hollywood.sfc,Platformer
._Pink Panther in Pink Goes to Hollywood.sfc,Platformer
Pinocchio.sfc,Platformer
._Pinocchio.sfc,Platformer
"Pirates of Dark Water, The.sfc",Others
"._Pirates of Dark Water, The.sfc",Others
Pit-Fighter.smc,Fighting
._Pit-Fighter.smc,Fighting
Pitfall - The Mayan Adventure.smc,Platformer
._Pitfall - The Mayan Adventure.smc,Platformer
Plok.smc,Platformer
._Plok.smc,Platformer
Pocky & Rocky 2.smc,Shooter
._Pocky & Rocky 2.smc,Shooter
Pocky & Rocky.smc,Shooter
._Pocky & Rocky.smc,Shooter
Pop'n TwinBee - Rainbow Bell Adventures.sfc,Platformer
._Pop'n TwinBee - Rainbow Bell Adventures.sfc,Platformer
Pop'n Twinbee.smc,Shooter
._Pop'n Twinbee.smc,Shooter
Populous II - Trials of the Olympian Gods.sfc,Strategy
._Populous II - Trials of the Olympian Gods.sfc,Strategy
Populous.smc,Strategy
._Populous.smc,Strategy
Porky Pig's Haunted Holiday.smc,Platformer
._Porky Pig's Haunted Holiday.smc,Platformer
Power Drive.sfc,Racing
._Power Drive.sfc,Racing
Power Instinct.sfc,Fighting
._Power Instinct.sfc,Fighting
Power Moves.smc,Others
._Power Moves.smc,Others
Power Piggs of the Dark Age.smc,Platformer
._Power Piggs of the Dark Age.smc,Platformer
Power Rangers Zeo - Battle Racers.smc,Racing
._Power Rangers Zeo - Battle Racers.smc,Racing
PowerMonger.sfc,Strategy
._PowerMonger.sfc,Strategy
Prehistorik Man.smc,Platformer
._Prehistorik Man.smc,Platformer
Primal Rage.smc,Fighting
._Primal Rage.smc,Fighting
Prince of Persia 2 - The Shadow and the Flame.sfc,Platformer
._Prince of Persia 2 - The Shadow and the Flame.sfc,Platformer
Prince of Persia.sfc,Others
._Prince of Persia.sfc,Others
Pro Quarterback.smc,Sports
._Pro Quarterback.smc,Sports
Pro Sport Hockey.smc,Sports
._Pro Sport Hockey.smc,Sports
Push-Over.smc,Others
._Push-Over.smc,Others
Putty Squad.smc,Platformer
._Putty Squad.smc,Platformer
Q-bert 3.sfc,Others
._Q-bert 3.sfc,Others
R-Type III - The Third Lightning.sfc,Shooter
._R-Type III - The Third Lightning.sfc,Shooter
Race Drivin'.smc,Racing
._Race Drivin'.smc,Racing
Radical Rex.smc,Others
._Radical Rex.smc,Others
Raiden Trad.smc,Shooter
._Raiden Trad.smc,Shooter
Rampart.smc,Puzzle
._Rampart.smc,Puzzle
Ranma 1-2 - Hard Battle.smc,Others
._Ranma 1-2 - Hard Battle.smc,Others
Rap Jam - Volume One.sfc,Sports
._Rap Jam - Volume One.sfc,Sports
Realm.smc,Visual Novel
._Realm.smc,Visual Novel
Redline F-1.smc,Racing
._Redline F-1.smc,Racing
Relief Pitcher.smc,Sports
._Relief Pitcher.smc,Sports
"Ren & Stimpy Show Part II, The - Fire Dogs.smc",Others
"._Ren & Stimpy Show Part II, The - Fire Dogs.smc",Others
"Ren & Stimpy Show, The - Buckeroo$.smc",Others
"._Ren & Stimpy Show, The - Buckeroo$.smc",Others
"Ren & Stimpy Show, The - Time Warp.smc",Platformer
"._Ren & Stimpy Show, The - Time Warp.smc",Platformer
"Ren & Stimpy Show, The - Veediots!.smc",Platformer
"._Ren & Stimpy Show, The - Veediots!.smc",Platformer
Revolution X.smc,Shooter
._Revolution X.smc,Shooter
Rex Ronan - Experimental Surgeon.smc,Shooter
._Rex Ronan - Experimental Surgeon.smc,Shooter
Riddick Bowe Boxing.smc,Fighting
._Riddick Bowe Boxing.smc,Fighting
Rise of the Phoenix.smc,Others
._Rise of the Phoenix.smc,Others
Rise of the Robots.smc,Fighting
._Rise of the Robots.smc,Fighting
Rival Turf!.smc,Fighting
._Rival Turf!.smc,Fighting
Road Riot 4WD.smc,Racing
._Road Riot 4WD.smc,Racing
Road Runner's Death Valley Rally.smc,Platformer
._Road Runner's Death Valley Rally.smc,Platformer
RoboCop 3.smc,Others
._RoboCop 3.smc,Others
RoboCop versus The Terminator.smc,Shooter
._RoboCop versus The Terminator.smc,Shooter
Robotrek.sfc,RPG
._Robotrek.sfc,RPG
Rock N' Roll Racing.smc,Puzzle
._Rock N' Roll Racing.smc,Puzzle
"Rocketeer, The.smc",Shooter
"._Rocketeer, The.smc",Shooter
Rocko's Modern Life - Spunky's Dangerous Day.smc,Platformer
._Rocko's Modern Life - Spunky's Dangerous Day.smc,Platformer
Rocky Rodent.smc,Platformer
._Rocky Rodent.smc,Platformer
Roger Clemens' MVP Baseball.smc,Simulation
._Roger Clemens' MVP Baseball.smc,Simulation
Romance of the Three Kingdoms II.smc,Strategy
._Romance of the Three Kingdoms II.smc,Strategy
Romance of the Three Kingdoms III - Dragon of Destiny.smc,Simulation
._Romance of the Three Kingdoms III - Dragon of Destiny.smc,Simulation
Romance of the Three Kingdoms IV - Wall of Fire.smc,Simulation
._Romance of the Three Kingdoms IV - Wall of Fire.smc,Simulation
RPM Racing.smc,Racing
._RPM Racing.smc,Racing
Run Saber.sfc,Platformer
._Run Saber.sfc,Platformer
Samurai Shodown.smc,Fighting
._Samurai Shodown.smc,Fighting
Saturday Night Slam Masters.smc,Fighting
._Saturday Night Slam Masters.smc,Fighting
Scooby-Doo Mystery.smc,Platformer
._Scooby-Doo Mystery.smc,Platformer
SeaQuest DSV.smc,Shooter
._SeaQuest DSV.smc,Shooter
Secret of Evermore.smc,RPG
._Secret of Evermore.smc,RPG
Secret of Mana.smc,RPG
._Secret of Mana.smc,RPG
Sensible Soccer.sfc,Sports
._Sensible Soccer.sfc,Sports
Shadowrun.smc,Shooter
._Shadowrun.smc,Shooter
Shanghai II - Dragon's Eye.smc,Puzzle
._Shanghai II - Dragon's Eye.smc,Puzzle
Shaq Fu.smc,Fighting
._Shaq Fu.smc,Fighting
Shien's Revenge.smc,Shooter
._Shien's Revenge.smc,Shooter
Sid Meier's Civilization.smc,Strategy
._Sid Meier's Civilization.smc,Strategy
Side Pocket.smc,Sports
._Side Pocket.smc,Sports
SimAnt - The Electronic Ant Colony.smc,Others
._SimAnt - The Electronic Ant Colony.smc,Others
SimCity 2000.smc,Simulation
._SimCity 2000.smc,Simulation
SimCity.smc,Simulation
._SimCity.smc,Simulation
SimEarth - The Living Planet.smc,Simulation
._SimEarth - The Living Planet.smc,Simulation
"Simpsons, The - Bart's Nightmare.smc",Shooter
"._Simpsons, The - Bart's Nightmare.smc",Shooter
Sink or Swim.smc,Arcade
._Sink or Swim.smc,Arcade
Skuljagger - Revolt of the Westicans.smc,Platformer
._Skuljagger - Revolt of the Westicans.smc,Platformer
Skyblazer.smc,Platformer
._Skyblazer.smc,Platformer
SmartBall.smc,Others
._SmartBall.smc,Others
Smash Tennis.sfc,Sports
._Smash Tennis.sfc,Sports
"Smurfs Travel the World, The.sfc",Platformer
"._Smurfs Travel the World, The.sfc",Platformer
"Smurfs, The.sfc",Others
"._Smurfs, The.sfc",Others
Snow White - Happily Ever After.smc,Platformer
._Snow White - Happily Ever After.smc,Platformer
Soldiers of Fortune.smc,Shooter
._Soldiers of Fortune.smc,Shooter
Sonic Blast Man II.sfc,Action
._Sonic Blast Man II.sfc,Action
Sonic Blast Man.smc,Action
._Sonic Blast Man.smc,Action
SOS.smc,Shooter
._SOS.smc,Shooter
Soul Blazer.smc,RPG
._Soul Blazer.smc,RPG
Space Ace.smc,Adventure
._Space Ace.smc,Adventure
Space Football - One on One.smc,Shooter
._Space Football - One on One.smc,Shooter
Space Invaders.smc,Shooter
._Space Invaders.smc,Shooter
Space Megaforce.smc,Shooter
._Space Megaforce.smc,Shooter
Spanky's Quest.smc,Others
._Spanky's Quest.smc,Others
Sparkster.smc,Platformer
._Sparkster.smc,Platformer
Spawn.smc,Fighting
._Spawn.smc,Fighting
Spectre.sfc,Shooter
._Spectre.sfc,Shooter
Speed Racer in My Most Dangerous Adventures.smc,Racing
._Speed Racer in My Most Dangerous Adventures.smc,Racing
Speedy Gonzales - Los Gatos Bandidos.smc,Platformer
._Speedy Gonzales - Los Gatos Bandidos.smc,Platformer
Spider-Man - The Animated Series.sfc,Others
._Spider-Man - The Animated Series.sfc,Others
Spider-Man and the X-Men - Arcade's Revenge.smc,Platformer
._Spider-Man and the X-Men - Arcade's Revenge.smc,Platformer
Spider-Man and Venom - Maximum Carnage.smc,Fighting
._Spider-Man and Venom - Maximum Carnage.smc,Fighting
Spider-Man and Venom - Separation Anxiety.smc,Fighting
._Spider-Man and Venom - Separation Anxiety.smc,Fighting
Spindizzy Worlds.smc,Puzzle
._Spindizzy Worlds.smc,Puzzle
Spirou.sfc,Platformer
._Spirou.sfc,Platformer
"Sporting News, The - Power Baseball.smc",Others
"._Sporting News, The - Power Baseball.smc",Others
Sports Illustrated - Championship Football & Baseball.smc,Others
._Sports Illustrated - Championship Football & Baseball.smc,Others
Star Fox.sfc,Shooter
._Star Fox.sfc,Shooter
Star Trek - Deep Space Nine - Crossroads of Time.smc,Adventure
._Star Trek - Deep Space Nine - Crossroads of Time.smc,Adventure
Star Trek - Starfleet Academy Starship Bridge Simulator.smc,Simulation
._Star Trek - Starfleet Academy Starship Bridge Simulator.smc,Simulation
Star Trek - The Next Generation - Future's Past.smc,Others
._Star Trek - The Next Generation - Future's Past.smc,Others
Stargate.smc,Shooter
._Stargate.smc,Shooter
Steel Talons.smc,Others
._Steel Talons.smc,Others
Sterling Sharpe - End 2 End.smc,Sports
._Sterling Sharpe - End 2 End.smc,Sports
Stone Protectors.smc,Action
._Stone Protectors.smc,Action
Street Combat.smc,Fighting
._Street Combat.smc,Fighting
Street Fighter Alpha 2.smc,Fighting
._Street Fighter Alpha 2.smc,Fighting
Street Fighter II - The World Warrior.smc,Fighting
._Street Fighter II - The World Warrior.smc,Fighting
Street Fighter II Turbo - Hyper Fighting.smc,Fighting
._Street Fighter II Turbo - Hyper Fighting.smc,Fighting
Street Hockey '95.smc,Sports
._Street Hockey '95.smc,Sports
Street Racer.smc,Racing
._Street Racer.smc,Racing
Strike Gunner S.T.G..sfc,Shooter
._Strike Gunner S.T.G..sfc,Shooter
Stunt Race FX.smc,Racing
._Stunt Race FX.smc,Racing
Sunset Riders.smc,Shooter
._Sunset Riders.smc,Shooter
Super Adventure Island II.smc,Platformer
._Super Adventure Island II.smc,Platformer
Super Adventure Island.smc,Adventure
._Super Adventure Island.smc,Adventure
"Super Aquatic Games Starring the Aquabats, The.smc",Others
"._Super Aquatic Games Starring the Aquabats, The.smc",Others
Super Baseball 2020.smc,Others
._Super Baseball 2020.smc,Others
Super Baseball Simulator 1.000.smc,Sports
._Super Baseball Simulator 1.000.smc,Sports
Super Bases Loaded 2.smc,Sports
._Super Bases Loaded 2.smc,Sports
Super Bases Loaded 3 - License to Steal.smc,Sports
._Super Bases Loaded 3 - License to Steal.smc,Sports
Super Bases Loaded.smc,Sports
._Super Bases Loaded.smc,Sports
Super Batter Up.smc,Sports
._Super Batter Up.smc,Sports
Super Battleship.smc,Strategy
._Super Battleship.smc,Strategy
Super Battletank - War in the Gulf.smc,Simulation
._Super Battletank - War in the Gulf.smc,Simulation
Super Battletank 2.smc,Simulation
._Super Battletank 2.smc,Simulation
Super Black Bass.smc,Sports
._Super Black Bass.smc,Sports
Super Bomberman 2.smc,Puzzle
._Super Bomberman 2.smc,Puzzle
Super Bomberman 3.sfc,Strategy
._Super Bomberman 3.sfc,Strategy
Super Bomberman.smc,Puzzle
._Super Bomberman.smc,Puzzle
Super Bonk.smc,Platformer
._Super Bonk.smc,Platformer
Super Bowling.smc,Sports
._Super Bowling.smc,Sports
Super Buster Bros..smc,Puzzle
._Super Buster Bros..smc,Puzzle
Super Caesars Palace.smc,Simulation
._Super Caesars Palace.smc,Simulation
Super Castlevania IV.smc,Platformer
._Super Castlevania IV.smc,Platformer
Super Chase H.Q..smc,Racing
._Super Chase H.Q..smc,Racing
Super Conflict - The Mideast.smc,Simulation
._Super Conflict - The Mideast.smc,Simulation
Super Double Dragon.smc,Action
._Super Double Dragon.smc,Action
Super Dropzone.sfc,Shooter
._Super Dropzone.sfc,Shooter
Super E.D.F. - Earth Defense Force.sfc,Shooter
._Super E.D.F. - Earth Defense Force.sfc,Shooter
Super Ghouls'n Ghosts.smc,Platformer
._Super Ghouls'n Ghosts.smc,Platformer
Super Goal! 2.smc,Sports
._Super Goal! 2.smc,Sports
Super Godzilla.smc,Fighting
._Super Godzilla.smc,Fighting
Super High Impact.smc,Sports
._Super High Impact.smc,Sports
Super Ice Hockey.sfc,Sports
._Super Ice Hockey.sfc,Sports
Super International Cricket.sfc,Simulation
._Super International Cricket.sfc,Simulation
Super James Pond.smc,Others
._Super James Pond.smc,Others
Super Mario All-Stars + Super Mario World.smc,Platformer
._Super Mario All-Stars + Super Mario World.smc,Platformer
Super Mario All-Stars.smc,Platformer
._Super Mario All-Stars.smc,Platformer
Super Mario Kart.smc,Others
._Super Mario Kart.smc,Others
Super Mario RPG - Legend of the Seven Stars.smc,RPG
._Super Mario RPG - Legend of the Seven Stars.smc,RPG
Super Mario World 2 - Yoshi's Island.smc,Platformer
._Super Mario World 2 - Yoshi's Island.smc,Platformer
Super Mario World.smc,Platformer
._Super Mario World.smc,Platformer
Super Metroid.smc,Platformer
._Super Metroid.smc,Platformer
Super Morph.sfc,Platformer
._Super Morph.sfc,Platformer
Super Ninja Boy.sfc,RPG
._Super Ninja Boy.sfc,RPG
Super Nova.sfc,Platformer
._Super Nova.sfc,Platformer
Super Off Road - The Baja.smc,Racing
._Super Off Road - The Baja.smc,Racing
Super Off Road.sfc,Arcade
._Super Off Road.sfc,Arcade
Super Pinball - Behind the Mask.smc,Pinball
._Super Pinball - Behind the Mask.smc,Pinball
Super Play Action Football.smc,Sports
._Super Play Action Football.smc,Sports
Super Punch-Out!!.smc,Sports
._Super Punch-Out!!.smc,Sports
Super Putty.smc,Platformer
._Super Putty.smc,Platformer
Super R-Type.smc,Shooter
._Super R-Type.smc,Shooter
Super R.B.I. Baseball.smc,Sports
._Super R.B.I. Baseball.smc,Sports
Super Scope 6.sfc,Shooter
._Super Scope 6.sfc,Shooter
Super Shadow of the Beast.smc,Platformer
._Super Shadow of the Beast.smc,Platformer
Super Slam Dunk.smc,Sports
._Super Slam Dunk.smc,Sports
Super Slap Shot.smc,Others
._Super Slap Shot.smc,Others
Super Smash T.V..smc,Shooter
._Super Smash T.V..smc,Shooter
Super Soccer Champ.smc,Sports
._Super Soccer Champ.smc,Sports
Super Soccer.smc,Sports
._Super Soccer.smc,Sports
Super Solitaire.smc,Strategy
._Super Solitaire.smc,Strategy
Super Star Wars - Return of the Jedi.smc,Platformer
._Super Star Wars - Return of the Jedi.smc,Platformer
Super Star Wars - The Empire Strikes Back.smc,Platformer
._Super Star Wars - The Empire Strikes Back.smc,Platformer
Super Star Wars.smc,Adventure
._Super Star Wars.smc,Adventure
Super Street Fighter II - The New Challengers.smc,Fighting
._Super Street Fighter II - The New Challengers.smc,Fighting
Super Strike Eagle.smc,Shooter
._Super Strike Eagle.smc,Shooter
Super Tennis.smc,Sports
._Super Tennis.smc,Sports
Super Troll Islands.smc,Platformer
._Super Troll Islands.smc,Platformer
Super Turrican 2.smc,Shooter
._Super Turrican 2.smc,Shooter
Super Turrican.smc,Shooter
._Super Turrican.smc,Shooter
Super Valis IV.sfc,Platformer
._Super Valis IV.sfc,Platformer
Super Widget.smc,Platformer
._Super Widget.smc,Platformer
Suzuka 8 Hours.smc,Racing
._Suzuka 8 Hours.smc,Racing
SWAT Kats - The Radical Squadron.smc,Shooter
._SWAT Kats - The Radical Squadron.smc,Shooter
Syndicate.smc,Strategy
._Syndicate.smc,Strategy
Syvalion.sfc,Shooter
._Syvalion.sfc,Shooter
T2 - The Arcade Game.smc,Shooter
._T2 - The Arcade Game.smc,Shooter
Taz-Mania.smc,Others
._Taz-Mania.smc,Others
Tecmo Secret of the Stars.sfc,RPG
._Tecmo Secret of the Stars.sfc,RPG
Tecmo Super Baseball.smc,Sports
._Tecmo Super Baseball.smc,Sports
Tecmo Super Bowl II - Special Edition.smc,Sports
._Tecmo Super Bowl II - Special Edition.smc,Sports
Tecmo Super Bowl III - Final Edition.smc,Sports
._Tecmo Super Bowl III - Final Edition.smc,Sports
Tecmo Super Bowl.smc,Sports
._Tecmo Super Bowl.smc,Sports
Tecmo Super NBA Basketball.smc,Sports
._Tecmo Super NBA Basketball.smc,Sports
Teenage Mutant Ninja Turtles - Tournament Fighters.smc,Fighting
._Teenage Mutant Ninja Turtles - Tournament Fighters.smc,Fighting
Teenage Mutant Ninja Turtles IV - Turtles in Time.smc,Action
._Teenage Mutant Ninja Turtles IV - Turtles in Time.smc,Action
Terminator 2 - Judgment Day.smc,Others
._Terminator 2 - Judgment Day.smc,Others
"Terminator, The.smc",Shooter
"._Terminator, The.smc",Shooter
Terranigma.smc,RPG
._Terranigma.smc,RPG
Tetris & Dr. Mario.sfc,Puzzle
._Tetris & Dr. Mario.sfc,Puzzle
Tetris 2.sfc,Others
._Tetris 2.sfc,Others
Tetris Attack.sfc,Puzzle
._Tetris Attack.sfc,Puzzle
Theme Park.sfc,Simulation
._Theme Park.sfc,Simulation
Thomas the Tank Engine & Friends.smc,Racing
._Thomas the Tank Engine & Friends.smc,Racing
Thunder Spirits.smc,Shooter
._Thunder Spirits.smc,Shooter
"Tick, The.smc",Action
"._Tick, The.smc",Action
Time Slip.smc,Others
._Time Slip.smc,Others
Time Trax.smc,Shooter
._Time Trax.smc,Shooter
Timecop.smc,Action
._Timecop.smc,Action
Timon & Pumbaa.smc,Platformer
._Timon & Pumbaa.smc,Platformer
Tin Star.smc,Shooter
._Tin Star.smc,Shooter
Tintin in Tibet.sfc,Platformer
._Tintin in Tibet.sfc,Platformer
Tiny Toon Adventures - Buster Busts Loose!.smc,Platformer
._Tiny Toon Adventures - Buster Busts Loose!.smc,Platformer
Tiny Toon Adventures - Wacky Sports Challenge.smc,Sports
._Tiny Toon Adventures - Wacky Sports Challenge.smc,Sports
TKO Super Championship Boxing.smc,Sports
._TKO Super Championship Boxing.smc,Sports
TNN Bass Tournament of Champions.smc,Sports
._TNN Bass Tournament of Champions.smc,Sports
Tom and Jerry.smc,Platformer
._Tom and Jerry.smc,Platformer
Tommy Moe's Winter Extreme - Skiing & Snowboarding.smc,Sports
._Tommy Moe's Winter Extreme - Skiing & Snowboarding.smc,Sports
Tony Meola's Sidekick Soccer.smc,Sports
._Tony Meola's Sidekick Soccer.smc,Sports
Top Gear 2.smc,Racing
._Top Gear 2.smc,Racing
Top Gear 3000.smc,Racing
._Top Gear 3000.smc,Racing
Top Gear.smc,Racing
._Top Gear.smc,Racing
Total Carnage.smc,Shooter
._Total Carnage.smc,Shooter
Toy Story.smc,Platformer
._Toy Story.smc,Platformer
Toys - Let the Toy Wars Begin!.smc,Others
._Toys - Let the Toy Wars Begin!.smc,Others
Troddlers.smc,Platformer
._Troddlers.smc,Platformer
Troy Aikman NFL Football.smc,Sports
._Troy Aikman NFL Football.smc,Sports
True Golf - Wicked 18.smc,Sports
._True Golf - Wicked 18.smc,Sports
True Golf Classics - Pebble Beach Golf Links.smc,Sports
._True Golf Classics - Pebble Beach Golf Links.smc,Sports
True Golf Classics - Waialae Country Club.smc,Sports
._True Golf Classics - Waialae Country Club.smc,Sports
True Lies.smc,Others
._True Lies.smc,Others
Tuff E Nuff.smc,Fighting
._Tuff E Nuff.smc,Fighting
Turbo Toons.sfc,Others
._Turbo Toons.sfc,Others
Turn and Burn - No-Fly Zone.smc,Shooter
._Turn and Burn - No-Fly Zone.smc,Shooter
"Twisted Tales of Spike McFang, The.sfc",RPG
"._Twisted Tales of Spike McFang, The.sfc",RPG
U.N. Squadron.smc,Shooter
._U.N. Squadron.smc,Shooter
Ultima - Runes of Virtue II.smc,RPG
._Ultima - Runes of Virtue II.smc,RPG
Ultima VI - The False Prophet.smc,RPG
._Ultima VI - The False Prophet.smc,RPG
Ultima VII - The Black Gate.smc,RPG
._Ultima VII - The Black Gate.smc,RPG
Ultimate Fighter.smc,Fighting
._Ultimate Fighter.smc,Fighting
Ultimate Mortal Kombat 3.sfc,Fighting
._Ultimate Mortal Kombat 3.sfc,Fighting
Ultraman - Towards the Future.smc,Fighting
._Ultraman - Towards the Future.smc,Fighting
Uncharted Waters - New Horizons.smc,RPG
._Uncharted Waters - New Horizons.smc,RPG
Uncharted Waters.smc,RPG
._Uncharted Waters.smc,RPG
Uniracers.smc,Racing
._Uniracers.smc,Racing
"Untouchables, The.smc",Adventure
"._Untouchables, The.smc",Adventure
Urban Strike.smc,Shooter
._Urban Strike.smc,Shooter
Utopia - The Creation of a Nation.smc,Simulation
._Utopia - The Creation of a Nation.smc,Simulation
Vegas Stakes.smc,Strategy
._Vegas Stakes.smc,Strategy
Virtual Bart.smc,Platformer
._Virtual Bart.smc,Platformer
Virtual Soccer.sfc,Sports
._Virtual Soccer.sfc,Sports
Vortex.smc,Arcade
._Vortex.smc,Arcade
War 2410.smc,Strategy
._War 2410.smc,Strategy
War 3010 - The Revolution.smc,Strategy
._War 3010 - The Revolution.smc,Strategy
Wario's Woods.smc,Platformer
._Wario's Woods.smc,Platformer
Warlock.smc,Platformer
._Warlock.smc,Platformer
WarpSpeed.smc,Shooter
._WarpSpeed.smc,Shooter
Waterworld.sfc,Others
._Waterworld.sfc,Others
Wayne Gretzky and the NHLPA All-Stars.smc,Sports
._Wayne Gretzky and the NHLPA All-Stars.smc,Sports
Wayne's World.smc,Adventure
._Wayne's World.smc,Adventure
WCW SuperBrawl Wrestling.smc,Sports
._WCW SuperBrawl Wrestling.smc,Sports
We're Back! - A Dinosaur's Story.smc,Platformer
._We're Back! - A Dinosaur's Story.smc,Platformer
WeaponLord.smc,Fighting
._WeaponLord.smc,Fighting
Wheel of Fortune Deluxe!.smc,Others
._Wheel of Fortune Deluxe!.smc,Others
Wheel of Fortune Featuring Vanna White.smc,Puzzle
._Wheel of Fortune Featuring Vanna White.smc,Puzzle
Where in the World is Carmen Sandiego.smc,Trivia
._Where in the World is Carmen Sandiego.smc,Trivia
Where in Time is Carmen Sandiego.smc,Puzzle
._Where in Time is Carmen Sandiego.smc,Puzzle
Whirlo.sfc,Platformer
._Whirlo.sfc,Platformer
Whizz.smc,Platformer
._Whizz.smc,Platformer
Wild Guns.smc,Shooter
._Wild Guns.smc,Shooter
Wild Snake.smc,Puzzle
._Wild Snake.smc,Puzzle
Williams Arcade's Greatest Hits.smc,Arcade
._Williams Arcade's Greatest Hits.smc,Arcade
Wing Commander - The Secret Missions.sfc,Shooter
._Wing Commander - The Secret Missions.sfc,Shooter
Wing Commander.smc,Simulation
._Wing Commander.smc,Simulation
Wings 2 - Aces High.smc,Simulation
._Wings 2 - Aces High.smc,Simulation
Winter Gold.sfc,Sports
._Winter Gold.sfc,Sports
Winter Olympic Games - Lillehammer '94.smc,Others
._Winter Olympic Games - Lillehammer '94.smc,Others
"Wizard of Oz, The.smc",Others
"._Wizard of Oz, The.smc",Others
Wizardry V - Heart of the Maelstrom.sfc,RPG
._Wizardry V - Heart of the Maelstrom.sfc,RPG
Wolfchild.smc,Platformer
._Wolfchild.smc,Platformer
Wolfenstein 3D.smc,Shooter
._Wolfenstein 3D.smc,Shooter
Wolverine - Adamantium Rage.sfc,Fighting
._Wolverine - Adamantium Rage.sfc,Fighting
Wordtris.smc,Puzzle
._Wordtris.smc,Puzzle
World Class Rugby.sfc,Sports
._World Class Rugby.sfc,Sports
World Cup USA '94.smc,Sports
._World Cup USA '94.smc,Sports
World Heroes 2.smc,Fighting
._World Heroes 2.smc,Fighting
World Heroes.smc,Fighting
._World Heroes.smc,Fighting
World League Soccer.smc,Sports
._World League Soccer.smc,Sports
World Masters Golf.sfc,Sports
._World Masters Golf.sfc,Sports
World Soccer '94 - Road to Glory.smc,Sports
._World Soccer '94 - Road to Glory.smc,Sports
Worms.sfc,Strategy
._Worms.sfc,Strategy
WWF RAW.smc,Fighting
._WWF RAW.smc,Fighting
WWF Royal Rumble.smc,Others
._WWF Royal Rumble.smc,Others
WWF Super WrestleMania.smc,Fighting
._WWF Super WrestleMania.smc,Fighting
WWF WrestleMania - The Arcade Game.smc,Fighting
._WWF WrestleMania - The Arcade Game.smc,Fighting
X-Kaliber 2097.smc,Fighting
._X-Kaliber 2097.smc,Fighting
X-Men - Mutant Apocalypse.smc,Platformer
._X-Men - Mutant Apocalypse.smc,Platformer
X-Zone.smc,Shooter
._X-Zone.smc,Shooter
Xardion.smc,Shooter
._Xardion.smc,Shooter
Yogi Bear.smc,Others
._Yogi Bear.smc,Others
Yoshi's Cookie.smc,Puzzle
._Yoshi's Cookie.smc,Puzzle
Yoshi's Safari.smc,Shooter
._Yoshi's Safari.smc,Shooter
Young Merlin.smc,Puzzle
._Young Merlin.smc,Puzzle
Ys III - Wanderers from Ys.sfc,Platformer
._Ys III - Wanderers from Ys.sfc,Platformer
Zero the Kamikaze Squirrel.sfc,Platformer
._Zero the Kamikaze Squirrel.sfc,Platformer
Zombies Ate My Neighbors.smc,Shooter
._Zombies Ate My Neighbors.smc,Shooter
Zool - Ninja of the ''Nth'' Dimension.smc,Others
._Zool - Ninja of the ''Nth'' Dimension.smc,Others
Zoop.smc,Arcade
._Zoop.smc,Arcade
